{
  "FilterHeaders": [
    {
      "Header": "user-agent",
      "IncludeInScript": false
    },
    {
      "Header": "origin",
      "IncludeInScript": true
    },
    {
      "Header": "accept-language",
      "IncludeInScript": false
    },
    {
      "Header": "accept-encoding",
      "IncludeInScript": false
    },
    {
      "Header": "accept",
      "IncludeInScript": false
    }
  ],
  "FilterResources": [
    {
      "IsNonResource": true,
      "type": "text/html"
    },
    {
      "IsNonResource": false,
      "type": "text/css"
    },
    {
      "IsNonResource": false,
      "type": "image/vnd.microsoft.icon"
    },
    {
      "IsNonResource": false,
      "type": "image/svg+xml"
    },
    {
      "IsNonResource": false,
      "type": "application/javascript"
    },
    {
      "IsNonResource": false,
      "type": "application/font-woff"
    }
  ],
  "GeneralInfo": {
    "BrowserVersion": "",
    "IsWinInetMode": false,
    "MaxUsedConnections": 6,
    "RecordedBrowser": "Internet Explorer",
    "RecordingDate": "дек-02-2019",
    "RecordingDuration": 22187,
    "RecordingMode": "N/A",
    "RecordingTimeStamp": 1575293483,
    "RecordingType": "Browser",
    "TotalBytesReceived": 552119,
    "TotalBytesSent": 3734,
    "TotalRequests": 12,
    "UserAgent": "Mozilla/5.0 (Windows NT 10.0; WOW64; Trident/7.0; rv:11.0) like Gecko"
  },
  "HostInfo": [
    {
      "DomainName": "iana.org",
      "Domains": [
        {
          "HTTPVersion": "HTTP/1.1",
          "IP": "192.0.32.8",
          "IncludeInScript": true,
          "Name": "www.iana.org",
          "Port": 443,
          "Requests": [
            {
              "CompressionType": "gzip",
              "DataType": "image/svg+xml",
              "DownloadTime": 188,
              "EventId": 548,
              "HttpStatus": 200,
              "Size": 9235,
              "URL": "https://www.iana.org/_img/2013.1/iana-logo-header.svg"
            },
            {
              "CompressionType": "gzip",
              "DataType": "text/html",
              "DownloadTime": 187,
              "EventId": 545,
              "HttpStatus": 200,
              "Size": 2447,
              "URL": "https://www.iana.org/domains"
            },
            {
              "CompressionType": "",
              "DataType": "image/vnd.microsoft.icon",
              "DownloadTime": 188,
              "EventId": 540,
              "HttpStatus": 200,
              "Size": 7406,
              "URL": "https://www.iana.org/_img/bookmark_icon.ico"
            },
            {
              "CompressionType": "gzip",
              "DataType": "image/svg+xml",
              "DownloadTime": 329,
              "EventId": 184,
              "HttpStatus": 200,
              "Size": 2302,
              "URL": "https://www.iana.org/_img/2015.1/iana-logo-homepage.svg"
            },
            {
              "CompressionType": "",
              "DataType": "application/font-woff",
              "DownloadTime": 188,
              "EventId": 176,
              "HttpStatus": 200,
              "Size": 164928,
              "URL": "https://www.iana.org/_img/2015.1/fonts/NotoSans-Italic.woff"
            },
            {
              "CompressionType": "",
              "DataType": "application/font-woff",
              "DownloadTime": 188,
              "EventId": 171,
              "HttpStatus": 200,
              "Size": 156596,
              "URL": "https://www.iana.org/_img/2015.1/fonts/NotoSans-Bold.woff"
            },
            {
              "CompressionType": "",
              "DataType": "application/font-woff",
              "DownloadTime": 172,
              "EventId": 169,
              "HttpStatus": 200,
              "Size": 157504,
              "URL": "https://www.iana.org/_img/2015.1/fonts/NotoSans-Regular.woff"
            },
            {
              "CompressionType": "",
              "DataType": "application/javascript",
              "DownloadTime": 187,
              "EventId": 161,
              "HttpStatus": 200,
              "Size": 68,
              "URL": "https://www.iana.org/_js/2013.1/iana.js"
            },
            {
              "CompressionType": "gzip",
              "DataType": "application/javascript",
              "DownloadTime": 172,
              "EventId": 157,
              "HttpStatus": 200,
              "Size": 32938,
              "URL": "https://www.iana.org/_js/2013.1/jquery.js"
            },
            {
              "CompressionType": "gzip",
              "DataType": "text/css",
              "DownloadTime": 172,
              "EventId": 154,
              "HttpStatus": 200,
              "Size": 7659,
              "URL": "https://www.iana.org/_css/2015.1/print.css"
            },
            {
              "CompressionType": "gzip",
              "DataType": "text/css",
              "DownloadTime": 187,
              "EventId": 140,
              "HttpStatus": 200,
              "Size": 9186,
              "URL": "https://www.iana.org/_css/2015.1/screen.css"
            },
            {
              "CompressionType": "gzip",
              "DataType": "text/html",
              "DownloadTime": 172,
              "EventId": 135,
              "HttpStatus": 200,
              "Size": 1850,
              "URL": "https://www.iana.org/"
            }
          ],
          "SSLCipher": "ECDHE-RSA-AES256-GCM-SHA384",
          "SSLVersion": "TLS1.2"
        }
      ],
      "IncludeInScript": true
    },
    {
      "DomainName": "googleapis.com",
      "Domains": [
        {
          "HTTPVersion": "HTTP/1.1",
          "IP": "64.233.162.95",
          "IncludeInScript": false,
          "Name": "www.googleapis.com",
          "Port": 443,
          "Requests": [
            {
              "CompressionType": "",
              "DataType": "",
              "DownloadTime": 32,
              "EventId": 536,
              "HttpStatus": 204,
              "Size": 0,
              "URL": "https://www.googleapis.com/generate_204"
            }
          ],
          "SSLCipher": "ECDHE-ECDSA-AES128-GCM-SHA256",
          "SSLVersion": "TLS1.2"
        }
      ],
      "IncludeInScript": true
    },
    {
      "DomainName": "google.com",
      "Domains": [
        {
          "HTTPVersion": "HTTP/1.1",
          "IP": "173.194.221.99",
          "IncludeInScript": false,
          "Name": "www.google.com",
          "Port": 443,
          "Requests": [
            {
              "CompressionType": "",
              "DataType": "image/png",
              "DownloadTime": 31,
              "EventId": 459,
              "HttpStatus": 200,
              "Size": 551,
              "URL": "https://www.google.com/cse/static/images/1x/googlelogo_lightgrey_46x16dp.png"
            },
            {
              "CompressionType": "",
              "DataType": "image/png",
              "DownloadTime": 31,
              "EventId": 457,
              "HttpStatus": 200,
              "Size": 23010,
              "URL": "https://www.google.com/images/nav_logo114.png"
            },
            {
              "CompressionType": "",
              "DataType": "image/png",
              "DownloadTime": 31,
              "EventId": 453,
              "HttpStatus": 200,
              "Size": 1018,
              "URL": "https://www.google.com/cse/static/css/v2/clear.png"
            },
            {
              "CompressionType": "",
              "DataType": "image/png",
              "DownloadTime": 31,
              "EventId": 430,
              "HttpStatus": 200,
              "Size": 919,
              "URL": "https://www.google.com/cse/static/images/1x/googlelogo_grey_46x15dp.png"
            },
            {
              "CompressionType": "gzip",
              "DataType": "text/css",
              "DownloadTime": 16,
              "EventId": 404,
              "HttpStatus": 200,
              "Size": 9042,
              "URL": "https://www.google.com/cse/static/element/8b2252448421acb3/default+en.css"
            },
            {
              "CompressionType": "gzip",
              "DataType": "text/css",
              "DownloadTime": 31,
              "EventId": 351,
              "HttpStatus": 200,
              "Size": 2719,
              "URL": "https://www.google.com/cse/static/style/look/v3/default.css"
            },
            {
              "CompressionType": "gzip",
              "DataType": "text/javascript",
              "DownloadTime": 31,
              "EventId": 347,
              "HttpStatus": 200,
              "Size": 86820,
              "URL": "https://www.google.com/cse/static/element/8b2252448421acb3/cse_element__en.js?usqp=CAI%3D"
            }
          ],
          "SSLCipher": "ECDHE-ECDSA-AES128-GCM-SHA256",
          "SSLVersion": "TLS1.2"
        },
        {
          "HTTPVersion": "HTTP/1.1",
          "IP": "173.194.73.102",
          "IncludeInScript": false,
          "Name": "cse.google.com",
          "Port": 443,
          "Requests": [
            {
              "CompressionType": "gzip",
              "DataType": "text/javascript",
              "DownloadTime": 16,
              "EventId": 427,
              "HttpStatus": 200,
              "Size": 57975,
              "URL": "https://cse.google.com/adsense/search/async-ads.js"
            },
            {
              "CompressionType": "gzip",
              "DataType": "text/javascript",
              "DownloadTime": 47,
              "EventId": 315,
              "HttpStatus": 200,
              "Size": 3687,
              "URL": "https://cse.google.com/cse.js?cx=010470622406686203020:boq_dnseony"
            }
          ],
          "SSLCipher": "ECDHE-ECDSA-AES128-GCM-SHA256",
          "SSLVersion": "TLS1.2"
        },
        {
          "HTTPVersion": "HTTP/1.1",
          "IP": "64.233.165.102",
          "IncludeInScript": false,
          "Name": "clients1.google.com",
          "Port": 443,
          "Requests": [
            {
              "CompressionType": "",
              "DataType": "",
              "DownloadTime": 16,
              "EventId": 538,
              "HttpStatus": 204,
              "Size": 0,
              "URL": "https://clients1.google.com/generate_204"
            }
          ],
          "SSLCipher": "ECDHE-ECDSA-AES128-GCM-SHA256",
          "SSLVersion": "TLS1.2"
        }
      ],
      "IncludeInScript": true
    }
  ],
  "WebSocket": {
    "IncludeInScript": false,
    "IsScriptIncludeWebSocket": false
  },
  "NumberOfCorrelations": 0
}