{"content":[{"id":149823,"applicant":{"fullName":"Алексей Карчевский","userName":"master","email":"a.karchevski@pflb.ru","location":"142784, г.Москва, Киевское шоссе, 22-й км,\nБП ComCity, домовл.6, стр.1","phone":"8 (000) 123-45-67","mobilePhone":"8 (000) 123-45-67","id":106},"header":"Замена металического фриза","text":"Ogdanets text 5","createDate":1575042995331,"lastEditDate":1575042995335,"ticketState":"Выполняется","ticketStateId":1,"serviceId":2872,"syncMask":"PORTAL_ONLY","location":"256 Бинарная ул. 16","address":"256 Бинарная ул. 16","taskId":149823,"taskState":"Решена","taskStateId":2,"categories":["Инженерия","Части здания","Ремонт фасада (обшивка стен, плитка, штукатурка)"],"category1":"Инженерия","category2":"Части здания","category3":"Ремонт фасада (обшивка стен, плитка, штукатурка)","canBeCanceled":true,"openCommunications":0,"totalCommunications":0,"actions":["solveTicket","cancelTicket","inventoryNumberChange","slaDateChange","comment"]},{"id":149822,"applicant":{"fullName":"Алексей Карчевский","userName":"master","email":"a.karchevski@pflb.ru","location":"142784, г.Москва, Киевское шоссе, 22-й км,\nБП ComCity, домовл.6, стр.1","phone":"8 (000) 123-45-67","mobilePhone":"8 (000) 123-45-67","id":106},"header":"Ключ сломан в замке (сейф Закрыт)","text":"Ogdanets text 2","createDate":1575042983664,"lastEditDate":1575042983668,"ticketState":"Выполняется","ticketStateId":1,"serviceId":3001,"syncMask":"PORTAL_ONLY","location":"256 Бинарная ул. 16","address":"256 Бинарная ул. 16","taskId":149822,"taskState":"Решена","taskStateId":2,"categories":["Технологическое оборудование","Банковское оборудование","Сейфы"],"category1":"Технологическое оборудование","category2":"Банковское оборудование","category3":"Сейфы","canBeCanceled":true,"openCommunications":0,"totalCommunications":0,"actions":["solveTicket","cancelTicket","inventoryNumberChange","slaDateChange","comment"]},{"id":149821,"applicant":{"fullName":"Алексей Карчевский","userName":"master","email":"a.karchevski@pflb.ru","location":"142784, г.Москва, Киевское шоссе, 22-й км,\nБП ComCity, домовл.6, стр.1","phone":"8 (000) 123-45-67","mobilePhone":"8 (000) 123-45-67","id":106},"director":{"fullName":"Васильев Павел1","userName":"director_1","email":"director@mail.com","location":"location","address":"152 Скотопрогонная ул. 13","phone":"+79778334486","mobilePhone":"8 (000) 123-45-67","workPhone":"+79778334486","organization":"organization","id":101122},"header":"Течь из корпуса расходомеров, датчиков температуры и давления","text":"Ogdanets text 2","createDate":1575042971830,"lastEditDate":1575042971834,"ticketState":"Выполняется","ticketStateId":1,"serviceId":2825,"syncMask":"PORTAL_ONLY","location":"152 Скотопрогонная ул. 13","address":"152 Скотопрогонная ул. 13","taskId":149821,"taskState":"Решена","taskStateId":2,"categories":["Инженерия","Измерительные приборы","Счетчик тепла"],"category1":"Инженерия","category2":"Измерительные приборы","category3":"Счетчик тепла","canBeCanceled":true,"openCommunications":0,"totalCommunications":0,"actions":["solveTicket","cancelTicket","inventoryNumberChange","slaDateChange","comment"]},{"id":149820,"applicant":{"fullName":"Алексей Карчевский","userName":"master","email":"a.karchevski@pflb.ru","location":"142784, г.Москва, Киевское шоссе, 22-й км,\nБП ComCity, домовл.6, стр.1","phone":"8 (000) 123-45-67","mobilePhone":"8 (000) 123-45-67","id":106},"header":"Отмывка внутренних и внешних сторон окон","text":"Ogdanets text 1","createDate":1575042960437,"lastEditDate":1575042960441,"ticketState":"Выполняется","ticketStateId":1,"serviceId":2800,"syncMask":"PORTAL_ONLY","location":"Изумрудная 14","address":"Изумрудная 14","taskId":149820,"taskState":"Решена","taskStateId":2,"categories":["Экология","Уборка помещений и прилегающей территории","Уборка помещений"],"category1":"Экология","category2":"Уборка помещений и прилегающей территории","category3":"Уборка помещений","canBeCanceled":true,"openCommunications":0,"totalCommunications":0,"actions":["solveTicket","cancelTicket","inventoryNumberChange","slaDateChange","comment"]},{"id":149819,"applicant":{"fullName":"Алексей Карчевский","userName":"master","email":"a.karchevski@pflb.ru","location":"142784, г.Москва, Киевское шоссе, 22-й км,\nБП ComCity, домовл.6, стр.1","phone":"8 (000) 123-45-67","mobilePhone":"8 (000) 123-45-67","id":106},"header":"Кондиционер издаёт нехарактерные звуки","text":"Ogdanets text 4","createDate":1575042948826,"lastEditDate":1575042948829,"ticketState":"Выполняется","ticketStateId":1,"serviceId":2934,"syncMask":"PORTAL_ONLY","location":"Барклая 24","address":"Барклая 24","taskId":149819,"taskState":"Решена","taskStateId":2,"categories":["Технологическое оборудование","Климатическое оборудование","Кондиционер"],"category1":"Технологическое оборудование","category2":"Климатическое оборудование","category3":"Кондиционер","canBeCanceled":true,"openCommunications":0,"totalCommunications":0,"actions":["solveTicket","cancelTicket","inventoryNumberChange","slaDateChange","comment"]},{"id":149818,"applicant":{"fullName":"Алексей Карчевский","userName":"master","email":"a.karchevski@pflb.ru","location":"142784, г.Москва, Киевское шоссе, 22-й км,\nБП ComCity, домовл.6, стр.1","phone":"8 (000) 123-45-67","mobilePhone":"8 (000) 123-45-67","id":106},"header":"Требуется вывезти отработанные люминесцентные лампы","text":"Ogdanets text 2","createDate":1575042937681,"lastEditDate":1575042937684,"ticketState":"Выполняется","ticketStateId":1,"serviceId":2814,"syncMask":"PORTAL_ONLY","location":"Барклая 24","address":"Барклая 24","taskId":149818,"taskState":"Решена","taskStateId":2,"categories":["Экология","Вывоз ртутьсодержащих ламп","Вывоз ртутьсодержащих ламп"],"category1":"Экология","category2":"Вывоз ртутьсодержащих ламп","category3":"Вывоз ртутьсодержащих ламп","canBeCanceled":true,"openCommunications":0,"totalCommunications":0,"actions":["solveTicket","cancelTicket","inventoryNumberChange","slaDateChange","comment"]},{"id":149817,"applicant":{"fullName":"Алексей Карчевский","userName":"master","email":"a.karchevski@pflb.ru","location":"142784, г.Москва, Киевское шоссе, 22-й км,\nБП ComCity, домовл.6, стр.1","phone":"8 (000) 123-45-67","mobilePhone":"8 (000) 123-45-67","id":106},"header":"На ЦХМ горит красная лампа","text":"Ogdanets text 4","createDate":1575042926172,"lastEditDate":1575042926176,"ticketState":"Выполняется","ticketStateId":1,"serviceId":2953,"syncMask":"PORTAL_ONLY","location":"default location","address":"default location","taskId":149817,"taskState":"Решена","taskStateId":2,"categories":["Технологическое оборудование","Холодильное оборудование","Центральная холодильная машина, конденсатор"],"category1":"Технологическое оборудование","category2":"Холодильное оборудование","category3":"Центральная холодильная машина, конденсатор","canBeCanceled":true,"openCommunications":0,"totalCommunications":0,"actions":["solveTicket","cancelTicket","inventoryNumberChange","slaDateChange","comment"]},{"id":149816,"applicant":{"fullName":"Алексей Карчевский","userName":"master","email":"a.karchevski@pflb.ru","location":"142784, г.Москва, Киевское шоссе, 22-й км,\nБП ComCity, домовл.6, стр.1","phone":"8 (000) 123-45-67","mobilePhone":"8 (000) 123-45-67","id":106},"director":{"fullName":"Васильев Павел1","userName":"director_1","email":"director@mail.com","location":"location","address":"152 Скотопрогонная ул. 13","phone":"+79778334486","mobilePhone":"8 (000) 123-45-67","workPhone":"+79778334486","organization":"organization","id":101122},"header":"Уничтожение мух","text":"Ogdanets text 3","createDate":1575042914589,"lastEditDate":1575042914593,"ticketState":"Выполняется","ticketStateId":1,"serviceId":2806,"syncMask":"PORTAL_ONLY","location":"152 Скотопрогонная ул. 13","address":"152 Скотопрогонная ул. 13","taskId":149816,"taskState":"Решена","taskStateId":2,"categories":["Экология","Дератизация, Дезинсекция, Дезинфекция","Уничтожение грызунов и насекомых, Дезинфекция"],"category1":"Экология","category2":"Дератизация, Дезинсекция, Дезинфекция","category3":"Уничтожение грызунов и насекомых, Дезинфекция","canBeCanceled":true,"openCommunications":0,"totalCommunications":0,"actions":["solveTicket","cancelTicket","inventoryNumberChange","slaDateChange","comment"]},{"id":149815,"applicant":{"fullName":"Алексей Карчевский","userName":"master","email":"a.karchevski@pflb.ru","location":"142784, г.Москва, Киевское шоссе, 22-й км,\nБП ComCity, домовл.6, стр.1","phone":"8 (000) 123-45-67","mobilePhone":"8 (000) 123-45-67","id":106},"header":"Отсутствие внешних повреждений. Следов копати. Целостность корпуса","text":"Ogdanets text 2","createDate":1575042903835,"lastEditDate":1575042903839,"ticketState":"Выполняется","ticketStateId":1,"serviceId":2833,"syncMask":"PORTAL_ONLY","location":"256 Бинарная ул. 16","address":"256 Бинарная ул. 16","taskId":149815,"taskState":"Решена","taskStateId":2,"categories":["Инженерия","Электрооборудование","Электророзетки, выключатели"],"category1":"Инженерия","category2":"Электрооборудование","category3":"Электророзетки, выключатели","canBeCanceled":true,"openCommunications":0,"totalCommunications":0,"actions":["solveTicket","cancelTicket","inventoryNumberChange","slaDateChange","comment"]},{"id":149814,"applicant":{"fullName":"Алексей Карчевский","userName":"master","email":"a.karchevski@pflb.ru","location":"142784, г.Москва, Киевское шоссе, 22-й км,\nБП ComCity, домовл.6, стр.1","phone":"8 (000) 123-45-67","mobilePhone":"8 (000) 123-45-67","id":106},"header":"Расстойка не работает","text":"Ogdanets text 2","createDate":1575042893533,"lastEditDate":1575042893537,"ticketState":"Выполняется","ticketStateId":1,"serviceId":2895,"syncMask":"PORTAL_ONLY","location":"Барклая 24","address":"Барклая 24","taskId":149814,"taskState":"Решена","taskStateId":2,"categories":["Технологическое оборудование","Тепловое оборудование","Расстойная камера"],"category1":"Технологическое оборудование","category2":"Тепловое оборудование","category3":"Расстойная камера","canBeCanceled":true,"openCommunications":0,"totalCommunications":0,"actions":["solveTicket","cancelTicket","inventoryNumberChange","slaDateChange","comment"]}],"last":false,"totalElements":661,"totalPages":67,"size":10,"number":0,"sort":[{"direction":"DESC","property":"id","ignoreCase":false,"nullHandling":"NATIVE","ascending":false,"descending":true}],"numberOfElements":10,"first":true}