{"id":149754,"parentId":149754,"externalId":"TSK_1800000","header":"It's me","text":"IOS","priority":"Низкий","createDate":1575039978771,"lastEditDate":1575039978775,"state":"Выполняется","stateId":1,"syncMask":"PORTAL_ONLY","isSpecialistDate":false,"ticketState":"Выполняется","ticketStateId":1,"applicant":{"fullName":"Алексей Карчевский","userName":"master","email":"a.karchevski@pflb.ru","location":"142784, г.Москва, Киевское шоссе, 22-й км,\nБП ComCity, домовл.6, стр.1","phone":"8 (000) 123-45-67","mobilePhone":"8 (000) 123-45-67","id":106},"contractor":{"id":9,"name":"2-Ремонт","organization":"Холодильное оборудование","company":"YYY","active":true},"categories":["Инженерия","Работы на прилегающей территории","Устройство газонов (насыпка земли, посев травы)"],"category1":"Инженерия","category2":"Работы на прилегающей территории","category3":"Устройство газонов (насыпка земли, посев травы)","location":"default location","address":"default location","actions":["assignContractor","solveTicket","cancelTicket","cancelTask","inventoryNumberChange","slaDateChange","specialistDateChange","comment"]}