{
  "FilterHeaders": [
    {
      "Header": "x-requested-with",
      "IncludeInScript": true
    },
    {
      "Header": "user-agent",
      "IncludeInScript": false
    },
    {
      "Header": "ua-cpu",
      "IncludeInScript": true
    },
    {
      "Header": "origin",
      "IncludeInScript": true
    },
    {
      "Header": "cache-control",
      "IncludeInScript": false
    },
    {
      "Header": "accept-language",
      "IncludeInScript": false
    },
    {
      "Header": "accept-encoding",
      "IncludeInScript": false
    },
    {
      "Header": "accept",
      "IncludeInScript": false
    }
  ],
  "FilterResources": [
    {
      "IsNonResource": true,
      "type": "text/xml"
    },
    {
      "IsNonResource": true,
      "type": "text/html"
    },
    {
      "IsNonResource": false,
      "type": "text/css"
    },
    {
      "IsNonResource": false,
      "type": "image/png"
    },
    {
      "IsNonResource": false,
      "type": "application/vnd.ms-fontobject"
    },
    {
      "IsNonResource": false,
      "type": "application/octet-stream"
    },
    {
      "IsNonResource": true,
      "type": "application/json"
    },
    {
      "IsNonResource": false,
      "type": "application/javascript"
    },
    {
      "IsNonResource": false,
      "type": "application/font-woff"
    }
  ],
  "GeneralInfo": {
    "BrowserVersion": "",
    "IsWinInetMode": false,
    "MaxUsedConnections": 7,
    "RecordedBrowser": "Internet Explorer",
    "RecordingDate": "ноя-29-2019",
    "RecordingDuration": 150421,
    "RecordingMode": "N/A",
    "RecordingTimeStamp": 1575042491,
    "RecordingType": "Browser",
    "TotalBytesReceived": 2328457,
    "TotalBytesSent": 35859,
    "TotalRequests": 67,
    "UserAgent": "Mozilla/5.0 (Windows NT 10.0; WOW64; Trident/7.0; rv:11.0) like Gecko"
  },
  "HostInfo": [
    {
      "DomainName": "pflb.ru",
      "Domains": [
        {
          "HTTPVersion": "HTTP/1.1",
          "IP": "94.159.69.182",
          "IncludeInScript": true,
          "Name": "learning2.pflb.ru",
          "Port": 56902,
          "Requests": [
            {
              "CompressionType": "",
              "DataType": "text/html",
              "DownloadTime": 47,
              "EventId": 803,
              "HttpStatus": 200,
              "Size": 873,
              "URL": "http://learning2.pflb.ru:56902/login"
            },
            {
              "CompressionType": "",
              "DataType": "",
              "DownloadTime": 187,
              "EventId": 796,
              "HttpStatus": 204,
              "Size": 0,
              "URL": "http://learning2.pflb.ru:56902/api/logout"
            },
            {
              "CompressionType": "",
              "DataType": "application/json",
              "DownloadTime": 1485,
              "EventId": 784,
              "HttpStatus": 500,
              "Size": 200,
              "URL": "http://learning2.pflb.ru:56902/api/ticket/149754/comment/"
            },
            {
              "CompressionType": "",
              "DataType": "application/json",
              "DownloadTime": 218,
              "EventId": 773,
              "HttpStatus": 200,
              "Size": 2,
              "URL": "http://learning2.pflb.ru:56902/api/ticket/149754/comment/"
            },
            {
              "CompressionType": "",
              "DataType": "application/octet-stream",
              "DownloadTime": 0,
              "EventId": 771,
              "HttpStatus": 200,
              "Size": 1092,
              "URL": "http://learning2.pflb.ru:56902/tpl/support/ticketComment.dust"
            },
            {
              "CompressionType": "",
              "DataType": "application/json",
              "DownloadTime": 0,
              "EventId": 768,
              "HttpStatus": 200,
              "Size": 92,
              "URL": "http://learning2.pflb.ru:56902/api/checkLogin"
            },
            {
              "CompressionType": "",
              "DataType": "application/json",
              "DownloadTime": 187,
              "EventId": 765,
              "HttpStatus": 200,
              "Size": 1373,
              "URL": "http://learning2.pflb.ru:56902/api/task/149754"
            },
            {
              "CompressionType": "",
              "DataType": "image/png",
              "DownloadTime": 47,
              "EventId": 753,
              "HttpStatus": 200,
              "Size": 158478,
              "URL": "http://learning2.pflb.ru:56902/images/logo-5ka.png"
            },
            {
              "CompressionType": "",
              "DataType": "application/javascript",
              "DownloadTime": 15,
              "EventId": 749,
              "HttpStatus": 200,
              "Size": 19050,
              "URL": "http://learning2.pflb.ru:56902/engineer/task/task.js"
            },
            {
              "CompressionType": "",
              "DataType": "application/octet-stream",
              "DownloadTime": 31,
              "EventId": 745,
              "HttpStatus": 200,
              "Size": 16080,
              "URL": "http://learning2.pflb.ru:56902/engineer/task/task.dust"
            },
            {
              "CompressionType": "",
              "DataType": "application/json",
              "DownloadTime": 641,
              "EventId": 737,
              "HttpStatus": 200,
              "Size": 14420,
              "URL": "http://learning2.pflb.ru:56902/api/task/?state=1&page=0&size=10"
            },
            {
              "CompressionType": "",
              "DataType": "application/json",
              "DownloadTime": 16,
              "EventId": 734,
              "HttpStatus": 200,
              "Size": 172,
              "URL": "http://learning2.pflb.ru:56902/api/task/countByState/"
            },
            {
              "CompressionType": "",
              "DataType": "application/javascript",
              "DownloadTime": 16,
              "EventId": 731,
              "HttpStatus": 200,
              "Size": 17558,
              "URL": "http://learning2.pflb.ru:56902/engineer/tasks/tasks.js"
            },
            {
              "CompressionType": "",
              "DataType": "application/octet-stream",
              "DownloadTime": 203,
              "EventId": 729,
              "HttpStatus": 200,
              "Size": 892,
              "URL": "http://learning2.pflb.ru:56902/engineer/tasks/tasks.dust"
            },
            {
              "CompressionType": "",
              "DataType": "application/json",
              "DownloadTime": 1343,
              "EventId": 639,
              "HttpStatus": 200,
              "Size": 12895,
              "URL": "http://learning2.pflb.ru:56902/api/ticket/?state=-1,0,1,5&page=0&size=10"
            },
            {
              "CompressionType": "",
              "DataType": "application/json",
              "DownloadTime": 16,
              "EventId": 636,
              "HttpStatus": 200,
              "Size": 113,
              "URL": "http://learning2.pflb.ru:56902/api/ticket/countByState/"
            },
            {
              "CompressionType": "",
              "DataType": "application/javascript",
              "DownloadTime": 15,
              "EventId": 633,
              "HttpStatus": 200,
              "Size": 17498,
              "URL": "http://learning2.pflb.ru:56902/engineer/tickets/tickets.js"
            },
            {
              "CompressionType": "",
              "DataType": "application/octet-stream",
              "DownloadTime": 16,
              "EventId": 631,
              "HttpStatus": 200,
              "Size": 720,
              "URL": "http://learning2.pflb.ru:56902/engineer/tickets/tickets.dust"
            },
            {
              "CompressionType": "",
              "DataType": "application/font-woff",
              "DownloadTime": 0,
              "EventId": 623,
              "HttpStatus": 200,
              "Size": 57620,
              "URL": "http://learning2.pflb.ru:56902/css/fonts/material_icons/MaterialIcons-Regular.woff"
            },
            {
              "CompressionType": "",
              "DataType": "",
              "DownloadTime": 0,
              "EventId": 621,
              "HttpStatus": 200,
              "Size": 0,
              "URL": "http://learning2.pflb.ru:56902/api/ticket/countByState/4"
            },
            {
              "CompressionType": "",
              "DataType": "application/javascript",
              "DownloadTime": 0,
              "EventId": 617,
              "HttpStatus": 200,
              "Size": 34579,
              "URL": "http://learning2.pflb.ru:56902/engineer/wrapper/wrapper.js"
            },
            {
              "CompressionType": "",
              "DataType": "application/octet-stream",
              "DownloadTime": 0,
              "EventId": 613,
              "HttpStatus": 200,
              "Size": 20031,
              "URL": "http://learning2.pflb.ru:56902/engineer/wrapper/wrapper.dust"
            },
            {
              "CompressionType": "",
              "DataType": "application/json",
              "DownloadTime": 15,
              "EventId": 608,
              "HttpStatus": 200,
              "Size": 277,
              "URL": "http://learning2.pflb.ru:56902/api/user/info"
            },
            {
              "CompressionType": "",
              "DataType": "application/json",
              "DownloadTime": 0,
              "EventId": 604,
              "HttpStatus": 200,
              "Size": 92,
              "URL": "http://learning2.pflb.ru:56902/api/checkLogin"
            },
            {
              "CompressionType": "",
              "DataType": "application/javascript",
              "DownloadTime": 16,
              "EventId": 599,
              "HttpStatus": 200,
              "Size": 43891,
              "URL": "http://learning2.pflb.ru:56902/js/core/jqueryformplugin.js?_=1575043162868"
            },
            {
              "CompressionType": "",
              "DataType": "application/javascript",
              "DownloadTime": 15,
              "EventId": 593,
              "HttpStatus": 200,
              "Size": 9274,
              "URL": "http://learning2.pflb.ru:56902/js/index.js"
            },
            {
              "CompressionType": "",
              "DataType": "application/javascript",
              "DownloadTime": 0,
              "EventId": 588,
              "HttpStatus": 200,
              "Size": 26591,
              "URL": "http://learning2.pflb.ru:56902/js/core/materialTable.js"
            },
            {
              "CompressionType": "",
              "DataType": "application/javascript",
              "DownloadTime": 0,
              "EventId": 583,
              "HttpStatus": 200,
              "Size": 2015,
              "URL": "http://learning2.pflb.ru:56902/js/core/helpers.js"
            },
            {
              "CompressionType": "",
              "DataType": "application/javascript",
              "DownloadTime": 31,
              "EventId": 579,
              "HttpStatus": 200,
              "Size": 11281,
              "URL": "http://learning2.pflb.ru:56902/js/core/materialize-pagination.js"
            },
            {
              "CompressionType": "",
              "DataType": "application/javascript",
              "DownloadTime": 15,
              "EventId": 577,
              "HttpStatus": 200,
              "Size": 8369,
              "URL": "http://learning2.pflb.ru:56902/js/core/polyphills.js"
            },
            {
              "CompressionType": "",
              "DataType": "application/javascript",
              "DownloadTime": 31,
              "EventId": 575,
              "HttpStatus": 200,
              "Size": 15055,
              "URL": "http://learning2.pflb.ru:56902/js/core/materialize-select.js"
            },
            {
              "CompressionType": "",
              "DataType": "application/javascript",
              "DownloadTime": 16,
              "EventId": 571,
              "HttpStatus": 200,
              "Size": 160001,
              "URL": "http://learning2.pflb.ru:56902/js/core/materialize.min.js"
            },
            {
              "CompressionType": "",
              "DataType": "application/javascript",
              "DownloadTime": 16,
              "EventId": 569,
              "HttpStatus": 200,
              "Size": 2295,
              "URL": "http://learning2.pflb.ru:56902/js/core/custom-helpers.js"
            },
            {
              "CompressionType": "",
              "DataType": "application/javascript",
              "DownloadTime": 16,
              "EventId": 565,
              "HttpStatus": 200,
              "Size": 12540,
              "URL": "http://learning2.pflb.ru:56902/js/core/dust-helpers.js"
            },
            {
              "CompressionType": "",
              "DataType": "application/javascript",
              "DownloadTime": 16,
              "EventId": 557,
              "HttpStatus": 200,
              "Size": 3406,
              "URL": "http://learning2.pflb.ru:56902/js/core/readmore.min.js"
            },
            {
              "CompressionType": "",
              "DataType": "application/javascript",
              "DownloadTime": 16,
              "EventId": 555,
              "HttpStatus": 200,
              "Size": 1326,
              "URL": "http://learning2.pflb.ru:56902/js/core/jquery.ee.router.js"
            },
            {
              "CompressionType": "",
              "DataType": "application/javascript",
              "DownloadTime": 16,
              "EventId": 553,
              "HttpStatus": 200,
              "Size": 75005,
              "URL": "http://learning2.pflb.ru:56902/js/core/select2.full.min.js"
            },
            {
              "CompressionType": "",
              "DataType": "application/javascript",
              "DownloadTime": 32,
              "EventId": 549,
              "HttpStatus": 200,
              "Size": 35688,
              "URL": "http://learning2.pflb.ru:56902/js/core/jquery.uploadfile.js"
            },
            {
              "CompressionType": "",
              "DataType": "application/javascript",
              "DownloadTime": 16,
              "EventId": 547,
              "HttpStatus": 200,
              "Size": 4313,
              "URL": "http://learning2.pflb.ru:56902/js/core/jquery.maskedinput.js"
            },
            {
              "CompressionType": "",
              "DataType": "application/javascript",
              "DownloadTime": 0,
              "EventId": 544,
              "HttpStatus": 200,
              "Size": 9342,
              "URL": "http://learning2.pflb.ru:56902/js/core/clamp.js"
            },
            {
              "CompressionType": "",
              "DataType": "text/css",
              "DownloadTime": 0,
              "EventId": 540,
              "HttpStatus": 200,
              "Size": 3622,
              "URL": "http://learning2.pflb.ru:56902/css/company_2.css"
            },
            {
              "CompressionType": "",
              "DataType": "text/css",
              "DownloadTime": 15,
              "EventId": 535,
              "HttpStatus": 200,
              "Size": 15196,
              "URL": "http://learning2.pflb.ru:56902/css/core/select2.min.css"
            },
            {
              "CompressionType": "",
              "DataType": "text/css",
              "DownloadTime": 31,
              "EventId": 533,
              "HttpStatus": 200,
              "Size": 848,
              "URL": "http://learning2.pflb.ru:56902/css/core/ee-file-upload.css"
            },
            {
              "CompressionType": "",
              "DataType": "text/css",
              "DownloadTime": 31,
              "EventId": 529,
              "HttpStatus": 200,
              "Size": 23302,
              "URL": "http://learning2.pflb.ru:56902/css/core/quill.snow.css"
            },
            {
              "CompressionType": "",
              "DataType": "text/css",
              "DownloadTime": 16,
              "EventId": 527,
              "HttpStatus": 200,
              "Size": 1657,
              "URL": "http://learning2.pflb.ru:56902/css/core/uploadfile.css"
            },
            {
              "CompressionType": "",
              "DataType": "text/css",
              "DownloadTime": 16,
              "EventId": 525,
              "HttpStatus": 200,
              "Size": 136870,
              "URL": "http://learning2.pflb.ru:56902/css/core/materialize.min.css"
            },
            {
              "CompressionType": "",
              "DataType": "text/html",
              "DownloadTime": 16,
              "EventId": 523,
              "HttpStatus": 200,
              "Size": 1909,
              "URL": "http://learning2.pflb.ru:56902/"
            },
            {
              "CompressionType": "",
              "DataType": "",
              "DownloadTime": 312,
              "EventId": 521,
              "HttpStatus": 200,
              "Size": 146,
              "URL": "http://learning2.pflb.ru:56902/api/login"
            },
            {
              "CompressionType": "",
              "DataType": "image/png",
              "DownloadTime": 0,
              "EventId": 459,
              "HttpStatus": 200,
              "Size": 187417,
              "URL": "http://learning2.pflb.ru:56902/images/logo_2.png"
            },
            {
              "CompressionType": "",
              "DataType": "application/octet-stream",
              "DownloadTime": 16,
              "EventId": 455,
              "HttpStatus": 200,
              "Size": 1590,
              "URL": "http://learning2.pflb.ru:56902/tpl/login/login.dust"
            },
            {
              "CompressionType": "",
              "DataType": "application/octet-stream",
              "DownloadTime": 0,
              "EventId": 452,
              "HttpStatus": 200,
              "Size": 16219,
              "URL": "http://learning2.pflb.ru:56902/favicon.ico"
            },
            {
              "CompressionType": "",
              "DataType": "application/vnd.ms-fontobject",
              "DownloadTime": 16,
              "EventId": 446,
              "HttpStatus": 200,
              "Size": 20966,
              "URL": "http://learning2.pflb.ru:56902/css/fonts/roboto/Roboto-Bold.eot?"
            },
            {
              "CompressionType": "",
              "DataType": "application/vnd.ms-fontobject",
              "DownloadTime": 16,
              "EventId": 444,
              "HttpStatus": 200,
              "Size": 21364,
              "URL": "http://learning2.pflb.ru:56902/css/fonts/roboto/Roboto-Medium.eot?"
            },
            {
              "CompressionType": "",
              "DataType": "application/vnd.ms-fontobject",
              "DownloadTime": 15,
              "EventId": 442,
              "HttpStatus": 200,
              "Size": 20940,
              "URL": "http://learning2.pflb.ru:56902/css/fonts/roboto/Roboto-Light.eot?"
            },
            {
              "CompressionType": "",
              "DataType": "application/vnd.ms-fontobject",
              "DownloadTime": 15,
              "EventId": 440,
              "HttpStatus": 200,
              "Size": 21659,
              "URL": "http://learning2.pflb.ru:56902/css/fonts/roboto/Roboto-Thin.eot?"
            },
            {
              "CompressionType": "",
              "DataType": "application/vnd.ms-fontobject",
              "DownloadTime": 15,
              "EventId": 437,
              "HttpStatus": 200,
              "Size": 21320,
              "URL": "http://learning2.pflb.ru:56902/css/fonts/roboto/Roboto-Regular.eot?"
            },
            {
              "CompressionType": "",
              "DataType": "application/javascript",
              "DownloadTime": 0,
              "EventId": 397,
              "HttpStatus": 200,
              "Size": 3989,
              "URL": "http://learning2.pflb.ru:56902/js/page/authorisation.js"
            },
            {
              "CompressionType": "",
              "DataType": "application/javascript",
              "DownloadTime": 31,
              "EventId": 384,
              "HttpStatus": 200,
              "Size": 346444,
              "URL": "http://learning2.pflb.ru:56902/js/core/materialize.js"
            },
            {
              "CompressionType": "",
              "DataType": "application/javascript",
              "DownloadTime": 15,
              "EventId": 381,
              "HttpStatus": 200,
              "Size": 3121,
              "URL": "http://learning2.pflb.ru:56902/js/core/jquery.cookie.js"
            },
            {
              "CompressionType": "",
              "DataType": "application/javascript",
              "DownloadTime": 16,
              "EventId": 372,
              "HttpStatus": 200,
              "Size": 162626,
              "URL": "http://learning2.pflb.ru:56902/js/core/dust.js"
            },
            {
              "CompressionType": "",
              "DataType": "application/javascript",
              "DownloadTime": 16,
              "EventId": 370,
              "HttpStatus": 200,
              "Size": 267194,
              "URL": "http://learning2.pflb.ru:56902/js/core/jquery-3.1.1.js"
            },
            {
              "CompressionType": "",
              "DataType": "application/javascript",
              "DownloadTime": 31,
              "EventId": 368,
              "HttpStatus": 200,
              "Size": 438,
              "URL": "http://learning2.pflb.ru:56902/js/core/legacy.js"
            },
            {
              "CompressionType": "",
              "DataType": "text/css",
              "DownloadTime": 15,
              "EventId": 364,
              "HttpStatus": 200,
              "Size": 49195,
              "URL": "http://learning2.pflb.ru:56902/css/style.css"
            },
            {
              "CompressionType": "",
              "DataType": "text/css",
              "DownloadTime": 15,
              "EventId": 362,
              "HttpStatus": 200,
              "Size": 177560,
              "URL": "http://learning2.pflb.ru:56902/css/core/materialize.css"
            },
            {
              "CompressionType": "",
              "DataType": "text/css",
              "DownloadTime": 15,
              "EventId": 360,
              "HttpStatus": 200,
              "Size": 1201,
              "URL": "http://learning2.pflb.ru:56902/css/core/material_icons.css"
            },
            {
              "CompressionType": "",
              "DataType": "text/html",
              "DownloadTime": 188,
              "EventId": 358,
              "HttpStatus": 200,
              "Size": 873,
              "URL": "http://learning2.pflb.ru:56902/login"
            }
          ],
          "SSLCipher": "None",
          "SSLVersion": "None"
        }
      ],
      "IncludeInScript": true
    },
    {
      "DomainName": "microsoft.com",
      "Domains": [
        {
          "HTTPVersion": "HTTP/1.1",
          "IP": "152.199.19.161",
          "IncludeInScript": true,
          "Name": "iecvlist.microsoft.com",
          "Port": 443,
          "Requests": [
            {
              "CompressionType": "gzip",
              "DataType": "text/xml",
              "DownloadTime": 15,
              "EventId": 740,
              "HttpStatus": 200,
              "Size": 26292,
              "URL": "https://iecvlist.microsoft.com/IE11/1478281996/iecompatviewlist.xml"
            }
          ],
          "SSLCipher": "",
          "SSLVersion": ""
        }
      ],
      "IncludeInScript": true
    }
  ],
  "WebSocket": {
    "IncludeInScript": false,
    "IsScriptIncludeWebSocket": false
  },
  "NumberOfCorrelations": 0
}